Country Name,Country Code,Series Name,Series Code,2019,2020,2021
Afghanistan,AFG,Human capital index (HCI) (scale 0-1),HD.HCI.OVRL,,0.400284141,
Afghanistan,AFG,"Population, total",SP.POP.TOTL,37769499,38972230,40099462
Afghanistan,AFG,Surface area (sq. km),AG.SRF.TOTL.K2,652860,652860,
Afghanistan,AFG,"Suicide mortality rate (per 100,000 population)",SH.STA.SUIC.P5,4.1,,
Albania,ALB,Human capital index (HCI) (scale 0-1),HD.HCI.OVRL,,0.634250939,
Albania,ALB,"Population, total",SP.POP.TOTL,2854191,2837849,2811666
Albania,ALB,Surface area (sq. km),AG.SRF.TOTL.K2,28750,28750,
Albania,ALB,"Suicide mortality rate (per 100,000 population)",SH.STA.SUIC.P5,4.3,,
Algeria,DZA,Human capital index (HCI) (scale 0-1),HD.HCI.OVRL,,0.534556448,
Algeria,DZA,"Population, total",SP.POP.TOTL,42705368,43451666,44177969
Algeria,DZA,Surface area (sq. km),AG.SRF.TOTL.K2,2381741,2381741,
Algeria,DZA,"Suicide mortality rate (per 100,000 population)",SH.STA.SUIC.P5,2.5,,
American Samoa,ASM,Human capital index (HCI) (scale 0-1),HD.HCI.OVRL,,,
American Samoa,ASM,"Population, total",SP.POP.TOTL,47321,46189,45035
American Samoa,ASM,Surface area (sq. km),AG.SRF.TOTL.K2,200,200,
American Samoa,ASM,"Suicide mortality rate (per 100,000 population)",SH.STA.SUIC.P5,,,
Andorra,AND,Human capital index (HCI) (scale 0-1),HD.HCI.OVRL,,,
Andorra,AND,"Population, total",SP.POP.TOTL,76343,77700,79034
Andorra,AND,Surface area (sq. km),AG.SRF.TOTL.K2,470,470,
Andorra,AND,"Suicide mortality rate (per 100,000 population)",SH.STA.SUIC.P5,,,
Angola,AGO,Human capital index (HCI) (scale 0-1),HD.HCI.OVRL,,0.36240539,
Angola,AGO,"Population, total",SP.POP.TOTL,32353588,33428486,34503774
Angola,AGO,Surface area (sq. km),AG.SRF.TOTL.K2,1246700,1246700,
Angola,AGO,"Suicide mortality rate (per 100,000 population)",SH.STA.SUIC.P5,6.1,,
Antigua and Barbuda,ATG,Human capital index (HCI) (scale 0-1),HD.HCI.OVRL,,0.5957039,
Antigua and Barbuda,ATG,"Population, total",SP.POP.TOTL,92117,92664,93219
Antigua and Barbuda,ATG,Surface area (sq. km),AG.SRF.TOTL.K2,440,440,
Antigua and Barbuda,ATG,"Suicide mortality rate (per 100,000 population)",SH.STA.SUIC.P5,0.4,,
Argentina,ARG,Human capital index (HCI) (scale 0-1),HD.HCI.OVRL,,0.602144718,
Argentina,ARG,"Population, total",SP.POP.TOTL,44938712,45376763,45808747
Argentina,ARG,Surface area (sq. km),AG.SRF.TOTL.K2,2780400,2780400,
Argentina,ARG,"Suicide mortality rate (per 100,000 population)",SH.STA.SUIC.P5,8.4,,
Armenia,ARM,Human capital index (HCI) (scale 0-1),HD.HCI.OVRL,,0.578998804,
Armenia,ARM,"Population, total",SP.POP.TOTL,2820602,2805608,2790974
Armenia,ARM,Surface area (sq. km),AG.SRF.TOTL.K2,29740,29740,
Armenia,ARM,"Suicide mortality rate (per 100,000 population)",SH.STA.SUIC.P5,3.3,,
Aruba,ABW,Human capital index (HCI) (scale 0-1),HD.HCI.OVRL,,,
Aruba,ABW,"Population, total",SP.POP.TOTL,106442,106585,106537
Aruba,ABW,Surface area (sq. km),AG.SRF.TOTL.K2,180,180,
Aruba,ABW,"Suicide mortality rate (per 100,000 population)",SH.STA.SUIC.P5,,,
Australia,AUS,Human capital index (HCI) (scale 0-1),HD.HCI.OVRL,,0.770239532,
Australia,AUS,"Population, total",SP.POP.TOTL,25340217,25655289,25688079
Australia,AUS,Surface area (sq. km),AG.SRF.TOTL.K2,7741220,7741220,
Australia,AUS,"Suicide mortality rate (per 100,000 population)",SH.STA.SUIC.P5,12.5,,
Austria,AUT,Human capital index (HCI) (scale 0-1),HD.HCI.OVRL,,0.746739745,
Austria,AUT,"Population, total",SP.POP.TOTL,8879920,8916864,8955797
Austria,AUT,Surface area (sq. km),AG.SRF.TOTL.K2,83879,83879,
Austria,AUT,"Suicide mortality rate (per 100,000 population)",SH.STA.SUIC.P5,14.6,,
Azerbaijan,AZE,Human capital index (HCI) (scale 0-1),HD.HCI.OVRL,,0.577767551,
Azerbaijan,AZE,"Population, total",SP.POP.TOTL,10024283,10093121,10137750
Azerbaijan,AZE,Surface area (sq. km),AG.SRF.TOTL.K2,86600,86600,
Azerbaijan,AZE,"Suicide mortality rate (per 100,000 population)",SH.STA.SUIC.P5,4.1,,
"Bahamas, The",BHS,Human capital index (HCI) (scale 0-1),HD.HCI.OVRL,,,
"Bahamas, The",BHS,"Population, total",SP.POP.TOTL,404557,406471,407906
"Bahamas, The",BHS,Surface area (sq. km),AG.SRF.TOTL.K2,13880,13880,
"Bahamas, The",BHS,"Suicide mortality rate (per 100,000 population)",SH.STA.SUIC.P5,3.5,,
Bahrain,BHR,Human capital index (HCI) (scale 0-1),HD.HCI.OVRL,,0.652472019,
Bahrain,BHR,"Population, total",SP.POP.TOTL,1494188,1477469,1463265
Bahrain,BHR,Surface area (sq. km),AG.SRF.TOTL.K2,783,785,
Bahrain,BHR,"Suicide mortality rate (per 100,000 population)",SH.STA.SUIC.P5,8.9,,
Bangladesh,BGD,Human capital index (HCI) (scale 0-1),HD.HCI.OVRL,,0.464036435,
Bangladesh,BGD,"Population, total",SP.POP.TOTL,165516222,167420951,169356251
Bangladesh,BGD,Surface area (sq. km),AG.SRF.TOTL.K2,147570,147570,
Bangladesh,BGD,"Suicide mortality rate (per 100,000 population)",SH.STA.SUIC.P5,3.7,,
Barbados,BRB,Human capital index (HCI) (scale 0-1),HD.HCI.OVRL,,,
Barbados,BRB,"Population, total",SP.POP.TOTL,280180,280693,281200
Barbados,BRB,Surface area (sq. km),AG.SRF.TOTL.K2,430,430,
Barbados,BRB,"Suicide mortality rate (per 100,000 population)",SH.STA.SUIC.P5,0.6,,
Belarus,BLR,Human capital index (HCI) (scale 0-1),HD.HCI.OVRL,,0.700078189,
Belarus,BLR,"Population, total",SP.POP.TOTL,9419758,9379952,9340314
Belarus,BLR,Surface area (sq. km),AG.SRF.TOTL.K2,207600,207610,
Belarus,BLR,"Suicide mortality rate (per 100,000 population)",SH.STA.SUIC.P5,21.2,,
Belgium,BEL,Human capital index (HCI) (scale 0-1),HD.HCI.OVRL,,0.760419667,
Belgium,BEL,"Population, total",SP.POP.TOTL,11488980,11538604,11592952
Belgium,BEL,Surface area (sq. km),AG.SRF.TOTL.K2,30530,30530,
Belgium,BEL,"Suicide mortality rate (per 100,000 population)",SH.STA.SUIC.P5,18.3,,
Belize,BLZ,Human capital index (HCI) (scale 0-1),HD.HCI.OVRL,,,
Belize,BLZ,"Population, total",SP.POP.TOTL,389095,394921,400031
Belize,BLZ,Surface area (sq. km),AG.SRF.TOTL.K2,22970,22970,
Belize,BLZ,"Suicide mortality rate (per 100,000 population)",SH.STA.SUIC.P5,7.1,,
Benin,BEN,Human capital index (HCI) (scale 0-1),HD.HCI.OVRL,,0.400290728,
Benin,BEN,"Population, total",SP.POP.TOTL,12290444,12643123,12996895
Benin,BEN,Surface area (sq. km),AG.SRF.TOTL.K2,114760,114760,
Benin,BEN,"Suicide mortality rate (per 100,000 population)",SH.STA.SUIC.P5,7.8,,
Bermuda,BMU,Human capital index (HCI) (scale 0-1),HD.HCI.OVRL,,,
Bermuda,BMU,"Population, total",SP.POP.TOTL,63911,63893,63867
Bermuda,BMU,Surface area (sq. km),AG.SRF.TOTL.K2,4290,4290,
Bermuda,BMU,"Suicide mortality rate (per 100,000 population)",SH.STA.SUIC.P5,,,
Bhutan,BTN,Human capital index (HCI) (scale 0-1),HD.HCI.OVRL,,0.475297034,
Bhutan,BTN,"Population, total",SP.POP.TOTL,767459,772506,777486
Bhutan,BTN,Surface area (sq. km),AG.SRF.TOTL.K2,38390,38390,
Bhutan,BTN,"Suicide mortality rate (per 100,000 population)",SH.STA.SUIC.P5,4.6,,
Bolivia,BOL,Human capital index (HCI) (scale 0-1),HD.HCI.OVRL,,,
Bolivia,BOL,"Population, total",SP.POP.TOTL,11777315,11936162,12079472
Bolivia,BOL,Surface area (sq. km),AG.SRF.TOTL.K2,1098580,1098580,
Bolivia,BOL,"Suicide mortality rate (per 100,000 population)",SH.STA.SUIC.P5,6.2,,
Bosnia and Herzegovina,BIH,Human capital index (HCI) (scale 0-1),HD.HCI.OVRL,,0.579684079,
Bosnia and Herzegovina,BIH,"Population, total",SP.POP.TOTL,3360711,3318407,3270943
Bosnia and Herzegovina,BIH,Surface area (sq. km),AG.SRF.TOTL.K2,51210,51210,
Bosnia and Herzegovina,BIH,"Suicide mortality rate (per 100,000 population)",SH.STA.SUIC.P5,10.9,,
Botswana,BWA,Human capital index (HCI) (scale 0-1),HD.HCI.OVRL,,0.414028496,
Botswana,BWA,"Population, total",SP.POP.TOTL,2499702,2546402,2588423
Botswana,BWA,Surface area (sq. km),AG.SRF.TOTL.K2,581730,581730,
Botswana,BWA,"Suicide mortality rate (per 100,000 population)",SH.STA.SUIC.P5,16.1,,
Brazil,BRA,Human capital index (HCI) (scale 0-1),HD.HCI.OVRL,,0.551497936,
Brazil,BRA,"Population, total",SP.POP.TOTL,211782878,213196304,214326223
Brazil,BRA,Surface area (sq. km),AG.SRF.TOTL.K2,8515770,8515770,
Brazil,BRA,"Suicide mortality rate (per 100,000 population)",SH.STA.SUIC.P5,6.9,,
British Virgin Islands,VGB,Human capital index (HCI) (scale 0-1),HD.HCI.OVRL,,,
British Virgin Islands,VGB,"Population, total",SP.POP.TOTL,30610,30910,31122
British Virgin Islands,VGB,Surface area (sq. km),AG.SRF.TOTL.K2,150,150,
British Virgin Islands,VGB,"Suicide mortality rate (per 100,000 population)",SH.STA.SUIC.P5,,,
Brunei Darussalam,BRN,Human capital index (HCI) (scale 0-1),HD.HCI.OVRL,,0.626391351,
Brunei Darussalam,BRN,"Population, total",SP.POP.TOTL,438048,441725,445373
Brunei Darussalam,BRN,Surface area (sq. km),AG.SRF.TOTL.K2,5770,5770,
Brunei Darussalam,BRN,"Suicide mortality rate (per 100,000 population)",SH.STA.SUIC.P5,2.7,,
Bulgaria,BGR,Human capital index (HCI) (scale 0-1),HD.HCI.OVRL,,0.613898158,
Bulgaria,BGR,"Population, total",SP.POP.TOTL,6975761,6934015,6877743
Bulgaria,BGR,Surface area (sq. km),AG.SRF.TOTL.K2,111000,111000,
Bulgaria,BGR,"Suicide mortality rate (per 100,000 population)",SH.STA.SUIC.P5,9.7,,
Burkina Faso,BFA,Human capital index (HCI) (scale 0-1),HD.HCI.OVRL,,0.383691937,
Burkina Faso,BFA,"Population, total",SP.POP.TOTL,20951639,21522626,22100683
Burkina Faso,BFA,Surface area (sq. km),AG.SRF.TOTL.K2,274220,274220,
Burkina Faso,BFA,"Suicide mortality rate (per 100,000 population)",SH.STA.SUIC.P5,7.5,,
Burundi,BDI,Human capital index (HCI) (scale 0-1),HD.HCI.OVRL,,0.386170626,
Burundi,BDI,"Population, total",SP.POP.TOTL,11874838,12220227,12551213
Burundi,BDI,Surface area (sq. km),AG.SRF.TOTL.K2,27830,27830,
Burundi,BDI,"Suicide mortality rate (per 100,000 population)",SH.STA.SUIC.P5,6.2,,
Cabo Verde,CPV,Human capital index (HCI) (scale 0-1),HD.HCI.OVRL,,,
Cabo Verde,CPV,"Population, total",SP.POP.TOTL,577030,582640,587925
Cabo Verde,CPV,Surface area (sq. km),AG.SRF.TOTL.K2,4030,4030,
Cabo Verde,CPV,"Suicide mortality rate (per 100,000 population)",SH.STA.SUIC.P5,12.9,,
Cambodia,KHM,Human capital index (HCI) (scale 0-1),HD.HCI.OVRL,,0.491589874,
Cambodia,KHM,"Population, total",SP.POP.TOTL,16207746,16396860,16589023
Cambodia,KHM,Surface area (sq. km),AG.SRF.TOTL.K2,181040,181040,
Cambodia,KHM,"Suicide mortality rate (per 100,000 population)",SH.STA.SUIC.P5,4.9,,
Cameroon,CMR,Human capital index (HCI) (scale 0-1),HD.HCI.OVRL,,0.397401512,
Cameroon,CMR,"Population, total",SP.POP.TOTL,25782341,26491087,27198628
Cameroon,CMR,Surface area (sq. km),AG.SRF.TOTL.K2,475440,475440,
Cameroon,CMR,"Suicide mortality rate (per 100,000 population)",SH.STA.SUIC.P5,9,,
Canada,CAN,Human capital index (HCI) (scale 0-1),HD.HCI.OVRL,,0.797520101,
Canada,CAN,"Population, total",SP.POP.TOTL,37601230,38037204,38246108
Canada,CAN,Surface area (sq. km),AG.SRF.TOTL.K2,9879750,9879750,
Canada,CAN,"Suicide mortality rate (per 100,000 population)",SH.STA.SUIC.P5,11.8,,
Cayman Islands,CYM,Human capital index (HCI) (scale 0-1),HD.HCI.OVRL,,,
Cayman Islands,CYM,"Population, total",SP.POP.TOTL,66134,67311,68136
Cayman Islands,CYM,Surface area (sq. km),AG.SRF.TOTL.K2,264,264,
Cayman Islands,CYM,"Suicide mortality rate (per 100,000 population)",SH.STA.SUIC.P5,,,
Central African Republic,CAF,Human capital index (HCI) (scale 0-1),HD.HCI.OVRL,,0.291631907,
Central African Republic,CAF,"Population, total",SP.POP.TOTL,5209324,5343020,5457154
Central African Republic,CAF,Surface area (sq. km),AG.SRF.TOTL.K2,622980,622980,
Central African Republic,CAF,"Suicide mortality rate (per 100,000 population)",SH.STA.SUIC.P5,12.3,,
Chad,TCD,Human capital index (HCI) (scale 0-1),HD.HCI.OVRL,,0.299782783,
Chad,TCD,"Population, total",SP.POP.TOTL,16126866,16644701,17179740
Chad,TCD,Surface area (sq. km),AG.SRF.TOTL.K2,1284000,1284000,
Chad,TCD,"Suicide mortality rate (per 100,000 population)",SH.STA.SUIC.P5,6.4,,
Channel Islands,CHI,Human capital index (HCI) (scale 0-1),HD.HCI.OVRL,,,
Channel Islands,CHI,"Population, total",SP.POP.TOTL,169410,171113,172683
Channel Islands,CHI,Surface area (sq. km),AG.SRF.TOTL.K2,,,
Channel Islands,CHI,"Suicide mortality rate (per 100,000 population)",SH.STA.SUIC.P5,,,
Chile,CHL,Human capital index (HCI) (scale 0-1),HD.HCI.OVRL,,0.651604176,
Chile,CHL,"Population, total",SP.POP.TOTL,19039485,19300315,19493184
Chile,CHL,Surface area (sq. km),AG.SRF.TOTL.K2,756700,756700,
Chile,CHL,"Suicide mortality rate (per 100,000 population)",SH.STA.SUIC.P5,9,,
China,CHN,Human capital index (HCI) (scale 0-1),HD.HCI.OVRL,,0.653102636,
China,CHN,"Population, total",SP.POP.TOTL,1407745000,1411100000,1412360000
China,CHN,Surface area (sq. km),AG.SRF.TOTL.K2,9600012.9,9600012.9,
China,CHN,"Suicide mortality rate (per 100,000 population)",SH.STA.SUIC.P5,8.1,,
Colombia,COL,Human capital index (HCI) (scale 0-1),HD.HCI.OVRL,,0.604330301,
Colombia,COL,"Population, total",SP.POP.TOTL,50187406,50930662,51516562
Colombia,COL,Surface area (sq. km),AG.SRF.TOTL.K2,1141750,1140619.05,
Colombia,COL,"Suicide mortality rate (per 100,000 population)",SH.STA.SUIC.P5,3.9,,
Comoros,COM,Human capital index (HCI) (scale 0-1),HD.HCI.OVRL,,0.404688299,
Comoros,COM,"Population, total",SP.POP.TOTL,790986,806166,821625
Comoros,COM,Surface area (sq. km),AG.SRF.TOTL.K2,1861,1861,
Comoros,COM,"Suicide mortality rate (per 100,000 population)",SH.STA.SUIC.P5,5.4,,
"Congo, Dem. Rep.",COD,Human capital index (HCI) (scale 0-1),HD.HCI.OVRL,,0.366369277,
"Congo, Dem. Rep.",COD,"Population, total",SP.POP.TOTL,89906890,92853164,95894118
"Congo, Dem. Rep.",COD,Surface area (sq. km),AG.SRF.TOTL.K2,2344860,2344860,
"Congo, Dem. Rep.",COD,"Suicide mortality rate (per 100,000 population)",SH.STA.SUIC.P5,6.7,,
"Congo, Rep.",COG,Human capital index (HCI) (scale 0-1),HD.HCI.OVRL,,0.419265717,
"Congo, Rep.",COG,"Population, total",SP.POP.TOTL,5570733,5702174,5835806
"Congo, Rep.",COG,Surface area (sq. km),AG.SRF.TOTL.K2,342000,342000,
"Congo, Rep.",COG,"Suicide mortality rate (per 100,000 population)",SH.STA.SUIC.P5,6.5,,
Costa Rica,CRI,Human capital index (HCI) (scale 0-1),HD.HCI.OVRL,,0.628635049,
Costa Rica,CRI,"Population, total",SP.POP.TOTL,5084532,5123105,5153957
Costa Rica,CRI,Surface area (sq. km),AG.SRF.TOTL.K2,51100,51100,
Costa Rica,CRI,"Suicide mortality rate (per 100,000 population)",SH.STA.SUIC.P5,8.1,,
Cote d'Ivoire,CIV,Human capital index (HCI) (scale 0-1),HD.HCI.OVRL,,0.379889339,
Cote d'Ivoire,CIV,"Population, total",SP.POP.TOTL,26147551,26811790,27478249
Cote d'Ivoire,CIV,Surface area (sq. km),AG.SRF.TOTL.K2,322460,322460,
Cote d'Ivoire,CIV,"Suicide mortality rate (per 100,000 population)",SH.STA.SUIC.P5,8.9,,
Croatia,HRV,Human capital index (HCI) (scale 0-1),HD.HCI.OVRL,,0.709693968,
Croatia,HRV,"Population, total",SP.POP.TOTL,4065253,4047680,3899000
Croatia,HRV,Surface area (sq. km),AG.SRF.TOTL.K2,88073,88070,
Croatia,HRV,"Suicide mortality rate (per 100,000 population)",SH.STA.SUIC.P5,16.4,,
Cuba,CUB,Human capital index (HCI) (scale 0-1),HD.HCI.OVRL,,,
Cuba,CUB,"Population, total",SP.POP.TOTL,11316697,11300698,11256372
Cuba,CUB,Surface area (sq. km),AG.SRF.TOTL.K2,109880,109880,
Cuba,CUB,"Suicide mortality rate (per 100,000 population)",SH.STA.SUIC.P5,14.5,,
Curacao,CUW,Human capital index (HCI) (scale 0-1),HD.HCI.OVRL,,,
Curacao,CUW,"Population, total",SP.POP.TOTL,157441,154947,152369
Curacao,CUW,Surface area (sq. km),AG.SRF.TOTL.K2,444,444,
Curacao,CUW,"Suicide mortality rate (per 100,000 population)",SH.STA.SUIC.P5,,,
Cyprus,CYP,Human capital index (HCI) (scale 0-1),HD.HCI.OVRL,,0.755520225,
Cyprus,CYP,"Population, total",SP.POP.TOTL,1228836,1237537,1244188
Cyprus,CYP,Surface area (sq. km),AG.SRF.TOTL.K2,9250,9250,
Cyprus,CYP,"Suicide mortality rate (per 100,000 population)",SH.STA.SUIC.P5,3.6,,
Czechia,CZE,Human capital index (HCI) (scale 0-1),HD.HCI.OVRL,,0.752257407,
Czechia,CZE,"Population, total",SP.POP.TOTL,10671870,10697858,10505772
Czechia,CZE,Surface area (sq. km),AG.SRF.TOTL.K2,78870.04,78871.01,
Czechia,CZE,"Suicide mortality rate (per 100,000 population)",SH.STA.SUIC.P5,12.2,,
Denmark,DNK,Human capital index (HCI) (scale 0-1),HD.HCI.OVRL,,0.755094826,
Denmark,DNK,"Population, total",SP.POP.TOTL,5814422,5831404,5856733
Denmark,DNK,Surface area (sq. km),AG.SRF.TOTL.K2,42920,42920,
Denmark,DNK,"Suicide mortality rate (per 100,000 population)",SH.STA.SUIC.P5,10.7,,
Djibouti,DJI,Human capital index (HCI) (scale 0-1),HD.HCI.OVRL,,,
Djibouti,DJI,"Population, total",SP.POP.TOTL,1073994,1090156,1105557
Djibouti,DJI,Surface area (sq. km),AG.SRF.TOTL.K2,23200,23200,
Djibouti,DJI,"Suicide mortality rate (per 100,000 population)",SH.STA.SUIC.P5,9.6,,
Dominica,DMA,Human capital index (HCI) (scale 0-1),HD.HCI.OVRL,,0.54474932,
Dominica,DMA,"Population, total",SP.POP.TOTL,71428,71995,72412
Dominica,DMA,Surface area (sq. km),AG.SRF.TOTL.K2,750,750,
Dominica,DMA,"Suicide mortality rate (per 100,000 population)",SH.STA.SUIC.P5,,,
Dominican Republic,DOM,Human capital index (HCI) (scale 0-1),HD.HCI.OVRL,,0.502766907,
Dominican Republic,DOM,"Population, total",SP.POP.TOTL,10881882,10999664,11117873
Dominican Republic,DOM,Surface area (sq. km),AG.SRF.TOTL.K2,48670,48670,
Dominican Republic,DOM,"Suicide mortality rate (per 100,000 population)",SH.STA.SUIC.P5,4.9,,
Ecuador,ECU,Human capital index (HCI) (scale 0-1),HD.HCI.OVRL,,0.594254851,
Ecuador,ECU,"Population, total",SP.POP.TOTL,17343740,17588595,17797737
Ecuador,ECU,Surface area (sq. km),AG.SRF.TOTL.K2,256370,256370,
Ecuador,ECU,"Suicide mortality rate (per 100,000 population)",SH.STA.SUIC.P5,7.6,,
"Egypt, Arab Rep.",EGY,Human capital index (HCI) (scale 0-1),HD.HCI.OVRL,,0.494374663,
"Egypt, Arab Rep.",EGY,"Population, total",SP.POP.TOTL,105618671,107465134,109262178
"Egypt, Arab Rep.",EGY,Surface area (sq. km),AG.SRF.TOTL.K2,1001450,1001450,
"Egypt, Arab Rep.",EGY,"Suicide mortality rate (per 100,000 population)",SH.STA.SUIC.P5,3,,
El Salvador,SLV,Human capital index (HCI) (scale 0-1),HD.HCI.OVRL,,0.546176612,
El Salvador,SLV,"Population, total",SP.POP.TOTL,6280217,6292731,6314167
El Salvador,SLV,Surface area (sq. km),AG.SRF.TOTL.K2,21040,21040,
El Salvador,SLV,"Suicide mortality rate (per 100,000 population)",SH.STA.SUIC.P5,6.1,,
Equatorial Guinea,GNQ,Human capital index (HCI) (scale 0-1),HD.HCI.OVRL,,,
Equatorial Guinea,GNQ,"Population, total",SP.POP.TOTL,1553031,1596049,1634466
Equatorial Guinea,GNQ,Surface area (sq. km),AG.SRF.TOTL.K2,28050,28050,
Equatorial Guinea,GNQ,"Suicide mortality rate (per 100,000 population)",SH.STA.SUIC.P5,7.9,,
Eritrea,ERI,Human capital index (HCI) (scale 0-1),HD.HCI.OVRL,,,
Eritrea,ERI,"Population, total",SP.POP.TOTL,3498818,3555868,3620312
Eritrea,ERI,Surface area (sq. km),AG.SRF.TOTL.K2,121668.106,121630.327,
Eritrea,ERI,"Suicide mortality rate (per 100,000 population)",SH.STA.SUIC.P5,10.9,,
Estonia,EST,Human capital index (HCI) (scale 0-1),HD.HCI.OVRL,,0.777203202,
Estonia,EST,"Population, total",SP.POP.TOTL,1326898,1329522,1330932
Estonia,EST,Surface area (sq. km),AG.SRF.TOTL.K2,45340,45340,
Estonia,EST,"Suicide mortality rate (per 100,000 population)",SH.STA.SUIC.P5,14.9,,
Eswatini,SWZ,Human capital index (HCI) (scale 0-1),HD.HCI.OVRL,,0.372500807,
Eswatini,SWZ,"Population, total",SP.POP.TOTL,1169613,1180655,1192271
Eswatini,SWZ,Surface area (sq. km),AG.SRF.TOTL.K2,17360,17360,
Eswatini,SWZ,"Suicide mortality rate (per 100,000 population)",SH.STA.SUIC.P5,29.4,,
Ethiopia,ETH,Human capital index (HCI) (scale 0-1),HD.HCI.OVRL,,0.382784843,
Ethiopia,ETH,"Population, total",SP.POP.TOTL,114120594,117190911,120283026
Ethiopia,ETH,Surface area (sq. km),AG.SRF.TOTL.K2,1136243.012,1136239.544,
Ethiopia,ETH,"Suicide mortality rate (per 100,000 population)",SH.STA.SUIC.P5,5.4,,
Faroe Islands,FRO,Human capital index (HCI) (scale 0-1),HD.HCI.OVRL,,,
Faroe Islands,FRO,"Population, total",SP.POP.TOTL,51681,52415,52889
Faroe Islands,FRO,Surface area (sq. km),AG.SRF.TOTL.K2,1396,12959.67,
Faroe Islands,FRO,"Suicide mortality rate (per 100,000 population)",SH.STA.SUIC.P5,,,
Fiji,FJI,Human capital index (HCI) (scale 0-1),HD.HCI.OVRL,,0.508573294,
Fiji,FJI,"Population, total",SP.POP.TOTL,918465,920422,924610
Fiji,FJI,Surface area (sq. km),AG.SRF.TOTL.K2,18270,18270,
Fiji,FJI,"Suicide mortality rate (per 100,000 population)",SH.STA.SUIC.P5,9,,
Finland,FIN,Human capital index (HCI) (scale 0-1),HD.HCI.OVRL,,0.796001017,
Finland,FIN,"Population, total",SP.POP.TOTL,5521606,5529543,5541017
Finland,FIN,Surface area (sq. km),AG.SRF.TOTL.K2,338460,338460,
Finland,FIN,"Suicide mortality rate (per 100,000 population)",SH.STA.SUIC.P5,15.3,,
France,FRA,Human capital index (HCI) (scale 0-1),HD.HCI.OVRL,,0.762737215,
France,FRA,"Population, total",SP.POP.TOTL,67388001,67571107,67749632
France,FRA,Surface area (sq. km),AG.SRF.TOTL.K2,549087,549086.87,
France,FRA,"Suicide mortality rate (per 100,000 population)",SH.STA.SUIC.P5,13.8,,
French Polynesia,PYF,Human capital index (HCI) (scale 0-1),HD.HCI.OVRL,,,
French Polynesia,PYF,"Population, total",SP.POP.TOTL,299717,301920,304032
French Polynesia,PYF,Surface area (sq. km),AG.SRF.TOTL.K2,3471,3471,
French Polynesia,PYF,"Suicide mortality rate (per 100,000 population)",SH.STA.SUIC.P5,,,
Gabon,GAB,Human capital index (HCI) (scale 0-1),HD.HCI.OVRL,,0.457612455,
Gabon,GAB,"Population, total",SP.POP.TOTL,2242785,2292573,2341179
Gabon,GAB,Surface area (sq. km),AG.SRF.TOTL.K2,267670,267670,
Gabon,GAB,"Suicide mortality rate (per 100,000 population)",SH.STA.SUIC.P5,8.4,,
"Gambia, The",GMB,Human capital index (HCI) (scale 0-1),HD.HCI.OVRL,,0.421570629,
"Gambia, The",GMB,"Population, total",SP.POP.TOTL,2508883,2573995,2639916
"Gambia, The",GMB,Surface area (sq. km),AG.SRF.TOTL.K2,11300,11300,
"Gambia, The",GMB,"Suicide mortality rate (per 100,000 population)",SH.STA.SUIC.P5,4.8,,
Georgia,GEO,Human capital index (HCI) (scale 0-1),HD.HCI.OVRL,,0.568925798,
Georgia,GEO,"Population, total",SP.POP.TOTL,3720161,3722716,3708610
Georgia,GEO,Surface area (sq. km),AG.SRF.TOTL.K2,69700,69700,
Georgia,GEO,"Suicide mortality rate (per 100,000 population)",SH.STA.SUIC.P5,9.2,,
Germany,DEU,Human capital index (HCI) (scale 0-1),HD.HCI.OVRL,,0.751162469,
Germany,DEU,"Population, total",SP.POP.TOTL,83092962,83160871,83196078
Germany,DEU,Surface area (sq. km),AG.SRF.TOTL.K2,357580,357590,
Germany,DEU,"Suicide mortality rate (per 100,000 population)",SH.STA.SUIC.P5,12.3,,
Ghana,GHA,Human capital index (HCI) (scale 0-1),HD.HCI.OVRL,,0.450056404,
Ghana,GHA,"Population, total",SP.POP.TOTL,31522290,32180401,32833031
Ghana,GHA,Surface area (sq. km),AG.SRF.TOTL.K2,238530,238530,
Ghana,GHA,"Suicide mortality rate (per 100,000 population)",SH.STA.SUIC.P5,6.6,,
Gibraltar,GIB,Human capital index (HCI) (scale 0-1),HD.HCI.OVRL,,,
Gibraltar,GIB,"Population, total",SP.POP.TOTL,32685,32709,32669
Gibraltar,GIB,Surface area (sq. km),AG.SRF.TOTL.K2,10,10,
Gibraltar,GIB,"Suicide mortality rate (per 100,000 population)",SH.STA.SUIC.P5,,,
Greece,GRC,Human capital index (HCI) (scale 0-1),HD.HCI.OVRL,,0.690006495,
Greece,GRC,"Population, total",SP.POP.TOTL,10721582,10698599,10641221
Greece,GRC,Surface area (sq. km),AG.SRF.TOTL.K2,131960,131960,
Greece,GRC,"Suicide mortality rate (per 100,000 population)",SH.STA.SUIC.P5,5.1,,
Greenland,GRL,Human capital index (HCI) (scale 0-1),HD.HCI.OVRL,,,
Greenland,GRL,"Population, total",SP.POP.TOTL,56225,56367,56653
Greenland,GRL,Surface area (sq. km),AG.SRF.TOTL.K2,410450,410450,
Greenland,GRL,"Suicide mortality rate (per 100,000 population)",SH.STA.SUIC.P5,,,
Grenada,GRD,Human capital index (HCI) (scale 0-1),HD.HCI.OVRL,,0.56507051,
Grenada,GRD,"Population, total",SP.POP.TOTL,122724,123663,124610
Grenada,GRD,Surface area (sq. km),AG.SRF.TOTL.K2,340,340,
Grenada,GRD,"Suicide mortality rate (per 100,000 population)",SH.STA.SUIC.P5,0.7,,
Guam,GUM,Human capital index (HCI) (scale 0-1),HD.HCI.OVRL,,,
Guam,GUM,"Population, total",SP.POP.TOTL,168624,169231,170534
Guam,GUM,Surface area (sq. km),AG.SRF.TOTL.K2,540,540,
Guam,GUM,"Suicide mortality rate (per 100,000 population)",SH.STA.SUIC.P5,,,
Guatemala,GTM,Human capital index (HCI) (scale 0-1),HD.HCI.OVRL,,0.461270094,
Guatemala,GTM,"Population, total",SP.POP.TOTL,16604026,16858333,17109746
Guatemala,GTM,Surface area (sq. km),AG.SRF.TOTL.K2,108890,108890,
Guatemala,GTM,"Suicide mortality rate (per 100,000 population)",SH.STA.SUIC.P5,5.9,,
Guinea,GIN,Human capital index (HCI) (scale 0-1),HD.HCI.OVRL,,0.370942473,
Guinea,GIN,"Population, total",SP.POP.TOTL,12877539,13205153,13531906
Guinea,GIN,Surface area (sq. km),AG.SRF.TOTL.K2,245860,245860,
Guinea,GIN,"Suicide mortality rate (per 100,000 population)",SH.STA.SUIC.P5,7,,
Guinea-Bissau,GNB,Human capital index (HCI) (scale 0-1),HD.HCI.OVRL,,,
Guinea-Bissau,GNB,"Population, total",SP.POP.TOTL,1970457,2015828,2060721
Guinea-Bissau,GNB,Surface area (sq. km),AG.SRF.TOTL.K2,36130,36130,
Guinea-Bissau,GNB,"Suicide mortality rate (per 100,000 population)",SH.STA.SUIC.P5,7,,
Guyana,GUY,Human capital index (HCI) (scale 0-1),HD.HCI.OVRL,,0.495226473,
Guyana,GUY,"Population, total",SP.POP.TOTL,798753,797202,804567
Guyana,GUY,Surface area (sq. km),AG.SRF.TOTL.K2,214970,214970,
Guyana,GUY,"Suicide mortality rate (per 100,000 population)",SH.STA.SUIC.P5,40.3,,
Haiti,HTI,Human capital index (HCI) (scale 0-1),HD.HCI.OVRL,,0.446564913,
Haiti,HTI,"Population, total",SP.POP.TOTL,11160438,11306801,11447569
Haiti,HTI,Surface area (sq. km),AG.SRF.TOTL.K2,27750,27750,
Haiti,HTI,"Suicide mortality rate (per 100,000 population)",SH.STA.SUIC.P5,9.6,,
Honduras,HND,Human capital index (HCI) (scale 0-1),HD.HCI.OVRL,,0.481023133,
Honduras,HND,"Population, total",SP.POP.TOTL,9958829,10121763,10278345
Honduras,HND,Surface area (sq. km),AG.SRF.TOTL.K2,112490,112490,
Honduras,HND,"Suicide mortality rate (per 100,000 population)",SH.STA.SUIC.P5,2.1,,
"Hong Kong SAR, China",HKG,Human capital index (HCI) (scale 0-1),HD.HCI.OVRL,,0.812756538,
"Hong Kong SAR, China",HKG,"Population, total",SP.POP.TOTL,7507900,7481000,7413100
"Hong Kong SAR, China",HKG,Surface area (sq. km),AG.SRF.TOTL.K2,1110,1110,
"Hong Kong SAR, China",HKG,"Suicide mortality rate (per 100,000 population)",SH.STA.SUIC.P5,,,
Hungary,HUN,Human capital index (HCI) (scale 0-1),HD.HCI.OVRL,,0.683087289,
Hungary,HUN,"Population, total",SP.POP.TOTL,9771141,9750149,9709891
Hungary,HUN,Surface area (sq. km),AG.SRF.TOTL.K2,93030,93030,
Hungary,HUN,"Suicide mortality rate (per 100,000 population)",SH.STA.SUIC.P5,16.6,,
Iceland,ISL,Human capital index (HCI) (scale 0-1),HD.HCI.OVRL,,0.745281875,
Iceland,ISL,"Population, total",SP.POP.TOTL,360563,366463,372520
Iceland,ISL,Surface area (sq. km),AG.SRF.TOTL.K2,103000,103000,
Iceland,ISL,"Suicide mortality rate (per 100,000 population)",SH.STA.SUIC.P5,11.9,,
India,IND,Human capital index (HCI) (scale 0-1),HD.HCI.OVRL,,0.493510902,
India,IND,"Population, total",SP.POP.TOTL,1383112050,1396387127,1407563842
India,IND,Surface area (sq. km),AG.SRF.TOTL.K2,3287260,3287260,
India,IND,"Suicide mortality rate (per 100,000 population)",SH.STA.SUIC.P5,12.7,,
Indonesia,IDN,Human capital index (HCI) (scale 0-1),HD.HCI.OVRL,,0.540038466,
Indonesia,IDN,"Population, total",SP.POP.TOTL,269582878,271857970,273753191
Indonesia,IDN,Surface area (sq. km),AG.SRF.TOTL.K2,1916906.77,1916906.77,
Indonesia,IDN,"Suicide mortality rate (per 100,000 population)",SH.STA.SUIC.P5,2.4,,
"Iran, Islamic Rep.",IRN,Human capital index (HCI) (scale 0-1),HD.HCI.OVRL,,0.593404472,
"Iran, Islamic Rep.",IRN,"Population, total",SP.POP.TOTL,86564202,87290193,87923432
"Iran, Islamic Rep.",IRN,Surface area (sq. km),AG.SRF.TOTL.K2,1745150,1745150,
"Iran, Islamic Rep.",IRN,"Suicide mortality rate (per 100,000 population)",SH.STA.SUIC.P5,5.2,,
Iraq,IRQ,Human capital index (HCI) (scale 0-1),HD.HCI.OVRL,,0.407643288,
Iraq,IRQ,"Population, total",SP.POP.TOTL,41563520,42556984,43533592
Iraq,IRQ,Surface area (sq. km),AG.SRF.TOTL.K2,435052,435052,
Iraq,IRQ,"Suicide mortality rate (per 100,000 population)",SH.STA.SUIC.P5,3.6,,
Ireland,IRL,Human capital index (HCI) (scale 0-1),HD.HCI.OVRL,,0.792599022,
Ireland,IRL,"Population, total",SP.POP.TOTL,4934340,4985382,5033165
Ireland,IRL,Surface area (sq. km),AG.SRF.TOTL.K2,70280,70280,
Ireland,IRL,"Suicide mortality rate (per 100,000 population)",SH.STA.SUIC.P5,9.6,,
Isle of Man,IMN,Human capital index (HCI) (scale 0-1),HD.HCI.OVRL,,,
Isle of Man,IMN,"Population, total",SP.POP.TOTL,83933,84046,84263
Isle of Man,IMN,Surface area (sq. km),AG.SRF.TOTL.K2,570,570,
Isle of Man,IMN,"Suicide mortality rate (per 100,000 population)",SH.STA.SUIC.P5,,,
Israel,ISR,Human capital index (HCI) (scale 0-1),HD.HCI.OVRL,,0.733995318,
Israel,ISR,"Population, total",SP.POP.TOTL,9054000,9215100,9364000
Israel,ISR,Surface area (sq. km),AG.SRF.TOTL.K2,22070,22070,
Israel,ISR,"Suicide mortality rate (per 100,000 population)",SH.STA.SUIC.P5,5.3,,
Italy,ITA,Human capital index (HCI) (scale 0-1),HD.HCI.OVRL,,0.727819681,
Italy,ITA,"Population, total",SP.POP.TOTL,59729081,59438851,59109668
Italy,ITA,Surface area (sq. km),AG.SRF.TOTL.K2,302068,302068,
Italy,ITA,"Suicide mortality rate (per 100,000 population)",SH.STA.SUIC.P5,6.7,,
Jamaica,JAM,Human capital index (HCI) (scale 0-1),HD.HCI.OVRL,,0.534977913,
Jamaica,JAM,"Population, total",SP.POP.TOTL,2813773,2820436,2827695
Jamaica,JAM,Surface area (sq. km),AG.SRF.TOTL.K2,10990,10990,
Jamaica,JAM,"Suicide mortality rate (per 100,000 population)",SH.STA.SUIC.P5,2.4,,
Japan,JPN,Human capital index (HCI) (scale 0-1),HD.HCI.OVRL,,0.804714262,
Japan,JPN,"Population, total",SP.POP.TOTL,126633000,126261000,125681593
Japan,JPN,Surface area (sq. km),AG.SRF.TOTL.K2,377974,377974,
Japan,JPN,"Suicide mortality rate (per 100,000 population)",SH.STA.SUIC.P5,15.3,,
Jordan,JOR,Human capital index (HCI) (scale 0-1),HD.HCI.OVRL,,0.553174376,
Jordan,JOR,"Population, total",SP.POP.TOTL,10698683,10928721,11148278
Jordan,JOR,Surface area (sq. km),AG.SRF.TOTL.K2,89318,89318,
Jordan,JOR,"Suicide mortality rate (per 100,000 population)",SH.STA.SUIC.P5,1.6,,
Kazakhstan,KAZ,Human capital index (HCI) (scale 0-1),HD.HCI.OVRL,,0.628506422,
Kazakhstan,KAZ,"Population, total",SP.POP.TOTL,18513673,18755666,19000988
Kazakhstan,KAZ,Surface area (sq. km),AG.SRF.TOTL.K2,2724902,2724900,
Kazakhstan,KAZ,"Suicide mortality rate (per 100,000 population)",SH.STA.SUIC.P5,17.6,,
Kenya,KEN,Human capital index (HCI) (scale 0-1),HD.HCI.OVRL,,0.546752512,
Kenya,KEN,"Population, total",SP.POP.TOTL,50951450,51985780,53005614
Kenya,KEN,Surface area (sq. km),AG.SRF.TOTL.K2,580370,580370,
Kenya,KEN,"Suicide mortality rate (per 100,000 population)",SH.STA.SUIC.P5,6.1,,
Kiribati,KIR,Human capital index (HCI) (scale 0-1),HD.HCI.OVRL,,0.492592931,
Kiribati,KIR,"Population, total",SP.POP.TOTL,124241,126463,128874
Kiribati,KIR,Surface area (sq. km),AG.SRF.TOTL.K2,810,810,
Kiribati,KIR,"Suicide mortality rate (per 100,000 population)",SH.STA.SUIC.P5,28.3,,
"Korea, Dem. People's Rep.",PRK,Human capital index (HCI) (scale 0-1),HD.HCI.OVRL,,,
"Korea, Dem. People's Rep.",PRK,"Population, total",SP.POP.TOTL,25755441,25867467,25971909
"Korea, Dem. People's Rep.",PRK,Surface area (sq. km),AG.SRF.TOTL.K2,120540,120540,
"Korea, Dem. People's Rep.",PRK,"Suicide mortality rate (per 100,000 population)",SH.STA.SUIC.P5,9.4,,
"Korea, Rep.",KOR,Human capital index (HCI) (scale 0-1),HD.HCI.OVRL,,0.798776269,
"Korea, Rep.",KOR,"Population, total",SP.POP.TOTL,51764822,51836239,51744876
"Korea, Rep.",KOR,Surface area (sq. km),AG.SRF.TOTL.K2,100400,100410,
"Korea, Rep.",KOR,"Suicide mortality rate (per 100,000 population)",SH.STA.SUIC.P5,28.6,,
Kosovo,XKX,Human capital index (HCI) (scale 0-1),HD.HCI.OVRL,,0.567331731,
Kosovo,XKX,"Population, total",SP.POP.TOTL,1788878,1790133,1786038
Kosovo,XKX,Surface area (sq. km),AG.SRF.TOTL.K2,,,
Kosovo,XKX,"Suicide mortality rate (per 100,000 population)",SH.STA.SUIC.P5,,,
Kuwait,KWT,Human capital index (HCI) (scale 0-1),HD.HCI.OVRL,,0.562588036,
Kuwait,KWT,"Population, total",SP.POP.TOTL,4441100,4360444,4250114
Kuwait,KWT,Surface area (sq. km),AG.SRF.TOTL.K2,17820,17820,
Kuwait,KWT,"Suicide mortality rate (per 100,000 population)",SH.STA.SUIC.P5,2.9,,
Kyrgyz Republic,KGZ,Human capital index (HCI) (scale 0-1),HD.HCI.OVRL,,0.596617103,
Kyrgyz Republic,KGZ,"Population, total",SP.POP.TOTL,6456200,6579900,6691800
Kyrgyz Republic,KGZ,Surface area (sq. km),AG.SRF.TOTL.K2,199949,199950,
Kyrgyz Republic,KGZ,"Suicide mortality rate (per 100,000 population)",SH.STA.SUIC.P5,7.4,,
Lao PDR,LAO,Human capital index (HCI) (scale 0-1),HD.HCI.OVRL,,0.456665337,
Lao PDR,LAO,"Population, total",SP.POP.TOTL,7212053,7319399,7425057
Lao PDR,LAO,Surface area (sq. km),AG.SRF.TOTL.K2,236800,236800,
Lao PDR,LAO,"Suicide mortality rate (per 100,000 population)",SH.STA.SUIC.P5,5.4,,
Latvia,LVA,Human capital index (HCI) (scale 0-1),HD.HCI.OVRL,,0.706581414,
Latvia,LVA,"Population, total",SP.POP.TOTL,1913822,1900449,1884490
Latvia,LVA,Surface area (sq. km),AG.SRF.TOTL.K2,64594,64590,
Latvia,LVA,"Suicide mortality rate (per 100,000 population)",SH.STA.SUIC.P5,20.1,,
Lebanon,LBN,Human capital index (HCI) (scale 0-1),HD.HCI.OVRL,,0.515125513,
Lebanon,LBN,"Population, total",SP.POP.TOTL,5781907,5662923,5592631
Lebanon,LBN,Surface area (sq. km),AG.SRF.TOTL.K2,10450,10450,
Lebanon,LBN,"Suicide mortality rate (per 100,000 population)",SH.STA.SUIC.P5,2.8,,
Lesotho,LSO,Human capital index (HCI) (scale 0-1),HD.HCI.OVRL,,0.400392592,
Lesotho,LSO,"Population, total",SP.POP.TOTL,2225702,2254100,2281454
Lesotho,LSO,Surface area (sq. km),AG.SRF.TOTL.K2,30360,30360,
Lesotho,LSO,"Suicide mortality rate (per 100,000 population)",SH.STA.SUIC.P5,72.4,,
Liberia,LBR,Human capital index (HCI) (scale 0-1),HD.HCI.OVRL,,0.319014221,
Liberia,LBR,"Population, total",SP.POP.TOTL,4985289,5087584,5193416
Liberia,LBR,Surface area (sq. km),AG.SRF.TOTL.K2,111370,111370,
Liberia,LBR,"Suicide mortality rate (per 100,000 population)",SH.STA.SUIC.P5,4.5,,
Libya,LBY,Human capital index (HCI) (scale 0-1),HD.HCI.OVRL,,,
Libya,LBY,"Population, total",SP.POP.TOTL,6569088,6653942,6735277
Libya,LBY,Surface area (sq. km),AG.SRF.TOTL.K2,1759540,1759540,
Libya,LBY,"Suicide mortality rate (per 100,000 population)",SH.STA.SUIC.P5,4.5,,
Liechtenstein,LIE,Human capital index (HCI) (scale 0-1),HD.HCI.OVRL,,,
Liechtenstein,LIE,"Population, total",SP.POP.TOTL,38482,38756,39039
Liechtenstein,LIE,Surface area (sq. km),AG.SRF.TOTL.K2,160,160,
Liechtenstein,LIE,"Suicide mortality rate (per 100,000 population)",SH.STA.SUIC.P5,,,
Lithuania,LTU,Human capital index (HCI) (scale 0-1),HD.HCI.OVRL,,0.706047952,
Lithuania,LTU,"Population, total",SP.POP.TOTL,2794137,2794885,2800839
Lithuania,LTU,Surface area (sq. km),AG.SRF.TOTL.K2,65290,65290,
Lithuania,LTU,"Suicide mortality rate (per 100,000 population)",SH.STA.SUIC.P5,26.1,,
Luxembourg,LUX,Human capital index (HCI) (scale 0-1),HD.HCI.OVRL,,0.68614614,
Luxembourg,LUX,"Population, total",SP.POP.TOTL,620001,630419,640064
Luxembourg,LUX,Surface area (sq. km),AG.SRF.TOTL.K2,2590,2590,
Luxembourg,LUX,"Suicide mortality rate (per 100,000 population)",SH.STA.SUIC.P5,11.3,,
"Macao SAR, China",MAC,Human capital index (HCI) (scale 0-1),HD.HCI.OVRL,,0.795671582,
"Macao SAR, China",MAC,"Population, total",SP.POP.TOTL,663653,676283,686607
"Macao SAR, China",MAC,Surface area (sq. km),AG.SRF.TOTL.K2,32.9,32.9,
"Macao SAR, China",MAC,"Suicide mortality rate (per 100,000 population)",SH.STA.SUIC.P5,,,
Madagascar,MDG,Human capital index (HCI) (scale 0-1),HD.HCI.OVRL,,0.391991019,
Madagascar,MDG,"Population, total",SP.POP.TOTL,27533134,28225177,28915653
Madagascar,MDG,Surface area (sq. km),AG.SRF.TOTL.K2,587295,587295,
Madagascar,MDG,"Suicide mortality rate (per 100,000 population)",SH.STA.SUIC.P5,5.5,,
Malawi,MWI,Human capital index (HCI) (scale 0-1),HD.HCI.OVRL,,0.413240641,
Malawi,MWI,"Population, total",SP.POP.TOTL,18867337,19377061,19889742
Malawi,MWI,Surface area (sq. km),AG.SRF.TOTL.K2,118480,118480,
Malawi,MWI,"Suicide mortality rate (per 100,000 population)",SH.STA.SUIC.P5,5.4,,
Malaysia,MYS,Human capital index (HCI) (scale 0-1),HD.HCI.OVRL,,0.61097616,
Malaysia,MYS,"Population, total",SP.POP.TOTL,32804020,33199993,33573874
Malaysia,MYS,Surface area (sq. km),AG.SRF.TOTL.K2,330241,330241,
Malaysia,MYS,"Suicide mortality rate (per 100,000 population)",SH.STA.SUIC.P5,5.7,,
Maldives,MDV,Human capital index (HCI) (scale 0-1),HD.HCI.OVRL,,,
Maldives,MDV,"Population, total",SP.POP.TOTL,504508,514438,521457
Maldives,MDV,Surface area (sq. km),AG.SRF.TOTL.K2,300,300,
Maldives,MDV,"Suicide mortality rate (per 100,000 population)",SH.STA.SUIC.P5,2.7,,
Mali,MLI,Human capital index (HCI) (scale 0-1),HD.HCI.OVRL,,0.318269581,
Mali,MLI,"Population, total",SP.POP.TOTL,20567424,21224040,21904983
Mali,MLI,Surface area (sq. km),AG.SRF.TOTL.K2,1240190,1240190,
Mali,MLI,"Suicide mortality rate (per 100,000 population)",SH.STA.SUIC.P5,4.1,,
Malta,MLT,Human capital index (HCI) (scale 0-1),HD.HCI.OVRL,,0.709248304,
Malta,MLT,"Population, total",SP.POP.TOTL,504062,515332,518536
Malta,MLT,Surface area (sq. km),AG.SRF.TOTL.K2,320,320,
Malta,MLT,"Suicide mortality rate (per 100,000 population)",SH.STA.SUIC.P5,6.1,,
Marshall Islands,MHL,Human capital index (HCI) (scale 0-1),HD.HCI.OVRL,,0.423398137,
Marshall Islands,MHL,"Population, total",SP.POP.TOTL,44728,43413,42050
Marshall Islands,MHL,Surface area (sq. km),AG.SRF.TOTL.K2,180,180,
Marshall Islands,MHL,"Suicide mortality rate (per 100,000 population)",SH.STA.SUIC.P5,,,
Mauritania,MRT,Human capital index (HCI) (scale 0-1),HD.HCI.OVRL,,0.38154608,
Mauritania,MRT,"Population, total",SP.POP.TOTL,4383849,4498604,4614974
Mauritania,MRT,Surface area (sq. km),AG.SRF.TOTL.K2,1030700,1030700,
Mauritania,MRT,"Suicide mortality rate (per 100,000 population)",SH.STA.SUIC.P5,3.1,,
Mauritius,MUS,Human capital index (HCI) (scale 0-1),HD.HCI.OVRL,,0.621859252,
Mauritius,MUS,"Population, total",SP.POP.TOTL,1265711,1265740,1266060
Mauritius,MUS,Surface area (sq. km),AG.SRF.TOTL.K2,2040,2040,
Mauritius,MUS,"Suicide mortality rate (per 100,000 population)",SH.STA.SUIC.P5,9.5,,
Mexico,MEX,Human capital index (HCI) (scale 0-1),HD.HCI.OVRL,,0.612949848,
Mexico,MEX,"Population, total",SP.POP.TOTL,125085311,125998302,126705138
Mexico,MEX,Surface area (sq. km),AG.SRF.TOTL.K2,1964375,1964375,
Mexico,MEX,"Suicide mortality rate (per 100,000 population)",SH.STA.SUIC.P5,5.3,,
"Micronesia, Fed. Sts.",FSM,Human capital index (HCI) (scale 0-1),HD.HCI.OVRL,,0.505966544,
"Micronesia, Fed. Sts.",FSM,"Population, total",SP.POP.TOTL,111379,112106,113131
"Micronesia, Fed. Sts.",FSM,Surface area (sq. km),AG.SRF.TOTL.K2,700,700,
"Micronesia, Fed. Sts.",FSM,"Suicide mortality rate (per 100,000 population)",SH.STA.SUIC.P5,28.2,,
Moldova,MDA,Human capital index (HCI) (scale 0-1),HD.HCI.OVRL,,0.584153533,
Moldova,MDA,"Population, total",SP.POP.TOTL,2664224,2635130,2615199
Moldova,MDA,Surface area (sq. km),AG.SRF.TOTL.K2,33850,33850,
Moldova,MDA,"Suicide mortality rate (per 100,000 population)",SH.STA.SUIC.P5,14.7,,
Monaco,MCO,Human capital index (HCI) (scale 0-1),HD.HCI.OVRL,,,
Monaco,MCO,"Population, total",SP.POP.TOTL,37034,36922,36686
Monaco,MCO,Surface area (sq. km),AG.SRF.TOTL.K2,74.92,74.92,
Monaco,MCO,"Suicide mortality rate (per 100,000 population)",SH.STA.SUIC.P5,,,
Mongolia,MNG,Human capital index (HCI) (scale 0-1),HD.HCI.OVRL,,0.614397526,
Mongolia,MNG,"Population, total",SP.POP.TOTL,3232430,3294335,3347782
Mongolia,MNG,Surface area (sq. km),AG.SRF.TOTL.K2,1564116,1564115.749,
Mongolia,MNG,"Suicide mortality rate (per 100,000 population)",SH.STA.SUIC.P5,17.9,,
Montenegro,MNE,Human capital index (HCI) (scale 0-1),HD.HCI.OVRL,,0.63318181,
Montenegro,MNE,"Population, total",SP.POP.TOTL,622028,621306,619211
Montenegro,MNE,Surface area (sq. km),AG.SRF.TOTL.K2,13810,13810,
Montenegro,MNE,"Suicide mortality rate (per 100,000 population)",SH.STA.SUIC.P5,21,,
Morocco,MAR,Human capital index (HCI) (scale 0-1),HD.HCI.OVRL,,0.504116356,
Morocco,MAR,"Population, total",SP.POP.TOTL,36304408,36688772,37076584
Morocco,MAR,Surface area (sq. km),AG.SRF.TOTL.K2,446550,446550,
Morocco,MAR,"Suicide mortality rate (per 100,000 population)",SH.STA.SUIC.P5,7.2,,
Mozambique,MOZ,Human capital index (HCI) (scale 0-1),HD.HCI.OVRL,,0.362116665,
Mozambique,MOZ,"Population, total",SP.POP.TOTL,30285595,31178239,32077072
Mozambique,MOZ,Surface area (sq. km),AG.SRF.TOTL.K2,799380,799380,
Mozambique,MOZ,"Suicide mortality rate (per 100,000 population)",SH.STA.SUIC.P5,13.6,,
Myanmar,MMR,Human capital index (HCI) (scale 0-1),HD.HCI.OVRL,,0.477652013,
Myanmar,MMR,"Population, total",SP.POP.TOTL,53040212,53423198,53798084
Myanmar,MMR,Surface area (sq. km),AG.SRF.TOTL.K2,676590,676590,
Myanmar,MMR,"Suicide mortality rate (per 100,000 population)",SH.STA.SUIC.P5,2.9,,
Namibia,NAM,Human capital index (HCI) (scale 0-1),HD.HCI.OVRL,,0.446437538,
Namibia,NAM,"Population, total",SP.POP.TOTL,2446644,2489098,2530151
Namibia,NAM,Surface area (sq. km),AG.SRF.TOTL.K2,824290,824290,
Namibia,NAM,"Suicide mortality rate (per 100,000 population)",SH.STA.SUIC.P5,9.7,,
Nauru,NRU,Human capital index (HCI) (scale 0-1),HD.HCI.OVRL,,0.508412123,
Nauru,NRU,"Population, total",SP.POP.TOTL,12132,12315,12511
Nauru,NRU,Surface area (sq. km),AG.SRF.TOTL.K2,20,20,
Nauru,NRU,"Suicide mortality rate (per 100,000 population)",SH.STA.SUIC.P5,,,
Nepal,NPL,Human capital index (HCI) (scale 0-1),HD.HCI.OVRL,,0.504601777,
Nepal,NPL,"Population, total",SP.POP.TOTL,28832496,29348627,30034989
Nepal,NPL,Surface area (sq. km),AG.SRF.TOTL.K2,147180,147180,
Nepal,NPL,"Suicide mortality rate (per 100,000 population)",SH.STA.SUIC.P5,9,,
Netherlands,NLD,Human capital index (HCI) (scale 0-1),HD.HCI.OVRL,,0.789915025,
Netherlands,NLD,"Population, total",SP.POP.TOTL,17344874,17441500,17533044
Netherlands,NLD,Surface area (sq. km),AG.SRF.TOTL.K2,41540,41540,
Netherlands,NLD,"Suicide mortality rate (per 100,000 population)",SH.STA.SUIC.P5,11.8,,
New Caledonia,NCL,Human capital index (HCI) (scale 0-1),HD.HCI.OVRL,,,
New Caledonia,NCL,"Population, total",SP.POP.TOTL,271230,271130,271030
New Caledonia,NCL,Surface area (sq. km),AG.SRF.TOTL.K2,18580,18580,
New Caledonia,NCL,"Suicide mortality rate (per 100,000 population)",SH.STA.SUIC.P5,,,
New Zealand,NZL,Human capital index (HCI) (scale 0-1),HD.HCI.OVRL,,0.775932431,
New Zealand,NZL,"Population, total",SP.POP.TOTL,4979200,5090200,5122600
New Zealand,NZL,Surface area (sq. km),AG.SRF.TOTL.K2,267710,267710,
New Zealand,NZL,"Suicide mortality rate (per 100,000 population)",SH.STA.SUIC.P5,11,,
Nicaragua,NIC,Human capital index (HCI) (scale 0-1),HD.HCI.OVRL,,0.508098245,
Nicaragua,NIC,"Population, total",SP.POP.TOTL,6663924,6755895,6850540
Nicaragua,NIC,Surface area (sq. km),AG.SRF.TOTL.K2,130370,130370,
Nicaragua,NIC,"Suicide mortality rate (per 100,000 population)",SH.STA.SUIC.P5,4.4,,
Niger,NER,Human capital index (HCI) (scale 0-1),HD.HCI.OVRL,,0.315685183,
Niger,NER,"Population, total",SP.POP.TOTL,23443393,24333639,25252722
Niger,NER,Surface area (sq. km),AG.SRF.TOTL.K2,1267000,1267000,
Niger,NER,"Suicide mortality rate (per 100,000 population)",SH.STA.SUIC.P5,5.3,,
Nigeria,NGA,Human capital index (HCI) (scale 0-1),HD.HCI.OVRL,,0.360609829,
Nigeria,NGA,"Population, total",SP.POP.TOTL,203304492,208327405,213401323
Nigeria,NGA,Surface area (sq. km),AG.SRF.TOTL.K2,923770,923770,
Nigeria,NGA,"Suicide mortality rate (per 100,000 population)",SH.STA.SUIC.P5,3.5,,
North Macedonia,MKD,Human capital index (HCI) (scale 0-1),HD.HCI.OVRL,,0.557349205,
North Macedonia,MKD,"Population, total",SP.POP.TOTL,2076694,2072531,2065092
North Macedonia,MKD,Surface area (sq. km),AG.SRF.TOTL.K2,25710,25710,
North Macedonia,MKD,"Suicide mortality rate (per 100,000 population)",SH.STA.SUIC.P5,9.4,,
Northern Mariana Islands,MNP,Human capital index (HCI) (scale 0-1),HD.HCI.OVRL,,,
Northern Mariana Islands,MNP,"Population, total",SP.POP.TOTL,49858,49587,49481
Northern Mariana Islands,MNP,Surface area (sq. km),AG.SRF.TOTL.K2,460,460,
Northern Mariana Islands,MNP,"Suicide mortality rate (per 100,000 population)",SH.STA.SUIC.P5,,,
Norway,NOR,Human capital index (HCI) (scale 0-1),HD.HCI.OVRL,,0.771051168,
Norway,NOR,"Population, total",SP.POP.TOTL,5347896,5379475,5408320
Norway,NOR,Surface area (sq. km),AG.SRF.TOTL.K2,625218,624499,
Norway,NOR,"Suicide mortality rate (per 100,000 population)",SH.STA.SUIC.P5,11.8,,
Oman,OMN,Human capital index (HCI) (scale 0-1),HD.HCI.OVRL,,0.608116269,
Oman,OMN,"Population, total",SP.POP.TOTL,4602768,4543399,4520471
Oman,OMN,Surface area (sq. km),AG.SRF.TOTL.K2,309500,309500,
Oman,OMN,"Suicide mortality rate (per 100,000 population)",SH.STA.SUIC.P5,4.9,,
Pakistan,PAK,Human capital index (HCI) (scale 0-1),HD.HCI.OVRL,,0.406070024,
Pakistan,PAK,"Population, total",SP.POP.TOTL,223293280,227196741,231402117
Pakistan,PAK,Surface area (sq. km),AG.SRF.TOTL.K2,796100,796100,
Pakistan,PAK,"Suicide mortality rate (per 100,000 population)",SH.STA.SUIC.P5,8.9,,
Palau,PLW,Human capital index (HCI) (scale 0-1),HD.HCI.OVRL,,0.588113487,
Palau,PLW,"Population, total",SP.POP.TOTL,17916,17972,18024
Palau,PLW,Surface area (sq. km),AG.SRF.TOTL.K2,460,460,
Palau,PLW,"Suicide mortality rate (per 100,000 population)",SH.STA.SUIC.P5,,,
Panama,PAN,Human capital index (HCI) (scale 0-1),HD.HCI.OVRL,,0.501601994,
Panama,PAN,"Population, total",SP.POP.TOTL,4232532,4294396,4351267
Panama,PAN,Surface area (sq. km),AG.SRF.TOTL.K2,75320,75320,
Panama,PAN,"Suicide mortality rate (per 100,000 population)",SH.STA.SUIC.P5,2.9,,
Papua New Guinea,PNG,Human capital index (HCI) (scale 0-1),HD.HCI.OVRL,,0.429185003,
Papua New Guinea,PNG,"Population, total",SP.POP.TOTL,9542486,9749640,9949437
Papua New Guinea,PNG,Surface area (sq. km),AG.SRF.TOTL.K2,462840,462840,
Papua New Guinea,PNG,"Suicide mortality rate (per 100,000 population)",SH.STA.SUIC.P5,3,,
Paraguay,PRY,Human capital index (HCI) (scale 0-1),HD.HCI.OVRL,,0.528180063,
Paraguay,PRY,"Population, total",SP.POP.TOTL,6530026,6618695,6703799
Paraguay,PRY,Surface area (sq. km),AG.SRF.TOTL.K2,406752,406752,
Paraguay,PRY,"Suicide mortality rate (per 100,000 population)",SH.STA.SUIC.P5,6,,
Peru,PER,Human capital index (HCI) (scale 0-1),HD.HCI.OVRL,,0.605192661,
Peru,PER,"Population, total",SP.POP.TOTL,32824861,33304756,33715471
Peru,PER,Surface area (sq. km),AG.SRF.TOTL.K2,1285220,1285220,
Peru,PER,"Suicide mortality rate (per 100,000 population)",SH.STA.SUIC.P5,2.8,,
Philippines,PHL,Human capital index (HCI) (scale 0-1),HD.HCI.OVRL,,0.515962124,
Philippines,PHL,"Population, total",SP.POP.TOTL,110380804,112190977,113880328
Philippines,PHL,Surface area (sq. km),AG.SRF.TOTL.K2,300000,300000,
Philippines,PHL,"Suicide mortality rate (per 100,000 population)",SH.STA.SUIC.P5,2.2,,
Poland,POL,Human capital index (HCI) (scale 0-1),HD.HCI.OVRL,,0.753088593,
Poland,POL,"Population, total",SP.POP.TOTL,37965475,37899070,37747124
Poland,POL,Surface area (sq. km),AG.SRF.TOTL.K2,312690,312710,
Poland,POL,"Suicide mortality rate (per 100,000 population)",SH.STA.SUIC.P5,11.3,,
Portugal,PRT,Human capital index (HCI) (scale 0-1),HD.HCI.OVRL,,0.768949568,
Portugal,PRT,"Population, total",SP.POP.TOTL,10286263,10297081,10325147
Portugal,PRT,Surface area (sq. km),AG.SRF.TOTL.K2,92230,92230,
Portugal,PRT,"Suicide mortality rate (per 100,000 population)",SH.STA.SUIC.P5,11.5,,
Puerto Rico,PRI,Human capital index (HCI) (scale 0-1),HD.HCI.OVRL,,,
Puerto Rico,PRI,"Population, total",SP.POP.TOTL,3193694,3281538,3263584
Puerto Rico,PRI,Surface area (sq. km),AG.SRF.TOTL.K2,8870,8870,
Puerto Rico,PRI,"Suicide mortality rate (per 100,000 population)",SH.STA.SUIC.P5,,,
Qatar,QAT,Human capital index (HCI) (scale 0-1),HD.HCI.OVRL,,0.637771606,
Qatar,QAT,"Population, total",SP.POP.TOTL,2807235,2760385,2688235
Qatar,QAT,Surface area (sq. km),AG.SRF.TOTL.K2,11490,11490,
Qatar,QAT,"Suicide mortality rate (per 100,000 population)",SH.STA.SUIC.P5,5.8,,
Romania,ROU,Human capital index (HCI) (scale 0-1),HD.HCI.OVRL,,0.584187865,
Romania,ROU,"Population, total",SP.POP.TOTL,19371648,19265250,19119880
Romania,ROU,Surface area (sq. km),AG.SRF.TOTL.K2,238400,238400,
Romania,ROU,"Suicide mortality rate (per 100,000 population)",SH.STA.SUIC.P5,9.7,,
Russian Federation,RUS,Human capital index (HCI) (scale 0-1),HD.HCI.OVRL,,0.681419611,
Russian Federation,RUS,"Population, total",SP.POP.TOTL,144406261,144073139,143449286
Russian Federation,RUS,Surface area (sq. km),AG.SRF.TOTL.K2,17098250,17098250,
Russian Federation,RUS,"Suicide mortality rate (per 100,000 population)",SH.STA.SUIC.P5,25.1,,
Rwanda,RWA,Human capital index (HCI) (scale 0-1),HD.HCI.OVRL,,0.379552752,
Rwanda,RWA,"Population, total",SP.POP.TOTL,12835028,13146362,13461888
Rwanda,RWA,Surface area (sq. km),AG.SRF.TOTL.K2,26340,26340,
Rwanda,RWA,"Suicide mortality rate (per 100,000 population)",SH.STA.SUIC.P5,5.6,,
Samoa,WSM,Human capital index (HCI) (scale 0-1),HD.HCI.OVRL,,0.548421681,
Samoa,WSM,"Population, total",SP.POP.TOTL,211905,214929,218764
Samoa,WSM,Surface area (sq. km),AG.SRF.TOTL.K2,2840,2840,
Samoa,WSM,"Suicide mortality rate (per 100,000 population)",SH.STA.SUIC.P5,12.6,,
San Marino,SMR,Human capital index (HCI) (scale 0-1),HD.HCI.OVRL,,,
San Marino,SMR,"Population, total",SP.POP.TOTL,34178,34007,33745
San Marino,SMR,Surface area (sq. km),AG.SRF.TOTL.K2,60,60,
San Marino,SMR,"Suicide mortality rate (per 100,000 population)",SH.STA.SUIC.P5,,,
Sao Tome and Principe,STP,Human capital index (HCI) (scale 0-1),HD.HCI.OVRL,,,
Sao Tome and Principe,STP,"Population, total",SP.POP.TOTL,214599,218641,223107
Sao Tome and Principe,STP,Surface area (sq. km),AG.SRF.TOTL.K2,960,960,
Sao Tome and Principe,STP,"Suicide mortality rate (per 100,000 population)",SH.STA.SUIC.P5,1.5,,
Saudi Arabia,SAU,Human capital index (HCI) (scale 0-1),HD.HCI.OVRL,,0.576390505,
Saudi Arabia,SAU,"Population, total",SP.POP.TOTL,35827362,35997107,35950396
Saudi Arabia,SAU,Surface area (sq. km),AG.SRF.TOTL.K2,2149690,2149690,
Saudi Arabia,SAU,"Suicide mortality rate (per 100,000 population)",SH.STA.SUIC.P5,6,,
Senegal,SEN,Human capital index (HCI) (scale 0-1),HD.HCI.OVRL,,0.420110792,
Senegal,SEN,"Population, total",SP.POP.TOTL,16000781,16436120,16876720
Senegal,SEN,Surface area (sq. km),AG.SRF.TOTL.K2,196710,196710,
Senegal,SEN,"Suicide mortality rate (per 100,000 population)",SH.STA.SUIC.P5,6,,
Serbia,SRB,Human capital index (HCI) (scale 0-1),HD.HCI.OVRL,,0.676606357,
Serbia,SRB,"Population, total",SP.POP.TOTL,6945235,6899126,6834326
Serbia,SRB,Surface area (sq. km),AG.SRF.TOTL.K2,88360,84990,
Serbia,SRB,"Suicide mortality rate (per 100,000 population)",SH.STA.SUIC.P5,11.4,,
Seychelles,SYC,Human capital index (HCI) (scale 0-1),HD.HCI.OVRL,,0.632779062,
Seychelles,SYC,"Population, total",SP.POP.TOTL,97625,98462,99258
Seychelles,SYC,Surface area (sq. km),AG.SRF.TOTL.K2,460,460,
Seychelles,SYC,"Suicide mortality rate (per 100,000 population)",SH.STA.SUIC.P5,8.1,,
Sierra Leone,SLE,Human capital index (HCI) (scale 0-1),HD.HCI.OVRL,,0.362702101,
Sierra Leone,SLE,"Population, total",SP.POP.TOTL,8046828,8233970,8420641
Sierra Leone,SLE,Surface area (sq. km),AG.SRF.TOTL.K2,72300,72300,
Sierra Leone,SLE,"Suicide mortality rate (per 100,000 population)",SH.STA.SUIC.P5,6.7,,
Singapore,SGP,Human capital index (HCI) (scale 0-1),HD.HCI.OVRL,,0.879125714,
Singapore,SGP,"Population, total",SP.POP.TOTL,5703569,5685807,5453566
Singapore,SGP,Surface area (sq. km),AG.SRF.TOTL.K2,726,728,
Singapore,SGP,"Suicide mortality rate (per 100,000 population)",SH.STA.SUIC.P5,11.2,,
Sint Maarten (Dutch part),SXM,Human capital index (HCI) (scale 0-1),HD.HCI.OVRL,,,
Sint Maarten (Dutch part),SXM,"Population, total",SP.POP.TOTL,41608,42310,42846
Sint Maarten (Dutch part),SXM,Surface area (sq. km),AG.SRF.TOTL.K2,34,34,
Sint Maarten (Dutch part),SXM,"Suicide mortality rate (per 100,000 population)",SH.STA.SUIC.P5,,,
Slovak Republic,SVK,Human capital index (HCI) (scale 0-1),HD.HCI.OVRL,,0.664987326,
Slovak Republic,SVK,"Population, total",SP.POP.TOTL,5454147,5458827,5447247
Slovak Republic,SVK,Surface area (sq. km),AG.SRF.TOTL.K2,49030,49030,
Slovak Republic,SVK,"Suicide mortality rate (per 100,000 population)",SH.STA.SUIC.P5,12.1,,
Slovenia,SVN,Human capital index (HCI) (scale 0-1),HD.HCI.OVRL,,0.774986982,
Slovenia,SVN,"Population, total",SP.POP.TOTL,2088385,2102419,2108079
Slovenia,SVN,Surface area (sq. km),AG.SRF.TOTL.K2,20480,20480,
Slovenia,SVN,"Suicide mortality rate (per 100,000 population)",SH.STA.SUIC.P5,19.8,,
Solomon Islands,SLB,Human capital index (HCI) (scale 0-1),HD.HCI.OVRL,,0.419872612,
Solomon Islands,SLB,"Population, total",SP.POP.TOTL,674993,691191,707851
Solomon Islands,SLB,Surface area (sq. km),AG.SRF.TOTL.K2,28900,28900,
Solomon Islands,SLB,"Suicide mortality rate (per 100,000 population)",SH.STA.SUIC.P5,14.7,,
Somalia,SOM,Human capital index (HCI) (scale 0-1),HD.HCI.OVRL,,,
Somalia,SOM,"Population, total",SP.POP.TOTL,15981300,16537016,17065581
Somalia,SOM,Surface area (sq. km),AG.SRF.TOTL.K2,637660,637660,
Somalia,SOM,"Suicide mortality rate (per 100,000 population)",SH.STA.SUIC.P5,7.9,,
South Africa,ZAF,Human capital index (HCI) (scale 0-1),HD.HCI.OVRL,,0.425453395,
South Africa,ZAF,"Population, total",SP.POP.TOTL,58087055,58801927,59392255
South Africa,ZAF,Surface area (sq. km),AG.SRF.TOTL.K2,1219090,1219090,
South Africa,ZAF,"Suicide mortality rate (per 100,000 population)",SH.STA.SUIC.P5,23.5,,
South Sudan,SSD,Human capital index (HCI) (scale 0-1),HD.HCI.OVRL,,0.306520849,
South Sudan,SSD,"Population, total",SP.POP.TOTL,10447666,10606227,10748272
South Sudan,SSD,Surface area (sq. km),AG.SRF.TOTL.K2,646883,646883,
South Sudan,SSD,"Suicide mortality rate (per 100,000 population)",SH.STA.SUIC.P5,3.9,,
Spain,ESP,Human capital index (HCI) (scale 0-1),HD.HCI.OVRL,,0.728255033,
Spain,ESP,"Population, total",SP.POP.TOTL,47134837,47365655,47415750
Spain,ESP,Surface area (sq. km),AG.SRF.TOTL.K2,505952.796,505969.891,
Spain,ESP,"Suicide mortality rate (per 100,000 population)",SH.STA.SUIC.P5,7.7,,
Sri Lanka,LKA,Human capital index (HCI) (scale 0-1),HD.HCI.OVRL,,0.598324299,
Sri Lanka,LKA,"Population, total",SP.POP.TOTL,21803000,21919000,22156000
Sri Lanka,LKA,Surface area (sq. km),AG.SRF.TOTL.K2,65610,65610,
Sri Lanka,LKA,"Suicide mortality rate (per 100,000 population)",SH.STA.SUIC.P5,14,,
St. Kitts and Nevis,KNA,Human capital index (HCI) (scale 0-1),HD.HCI.OVRL,,0.586181641,
St. Kitts and Nevis,KNA,"Population, total",SP.POP.TOTL,47712,47642,47606
St. Kitts and Nevis,KNA,Surface area (sq. km),AG.SRF.TOTL.K2,260,260,
St. Kitts and Nevis,KNA,"Suicide mortality rate (per 100,000 population)",SH.STA.SUIC.P5,,,
St. Lucia,LCA,Human capital index (HCI) (scale 0-1),HD.HCI.OVRL,,0.602564752,
St. Lucia,LCA,"Population, total",SP.POP.TOTL,178583,179237,179651
St. Lucia,LCA,Surface area (sq. km),AG.SRF.TOTL.K2,620,620,
St. Lucia,LCA,"Suicide mortality rate (per 100,000 population)",SH.STA.SUIC.P5,7.9,,
St. Martin (French part),MAF,Human capital index (HCI) (scale 0-1),HD.HCI.OVRL,,,
St. Martin (French part),MAF,"Population, total",SP.POP.TOTL,33121,32553,31948
St. Martin (French part),MAF,Surface area (sq. km),AG.SRF.TOTL.K2,50,50,
St. Martin (French part),MAF,"Suicide mortality rate (per 100,000 population)",SH.STA.SUIC.P5,,,
St. Vincent and the Grenadines,VCT,Human capital index (HCI) (scale 0-1),HD.HCI.OVRL,,0.533341825,
St. Vincent and the Grenadines,VCT,"Population, total",SP.POP.TOTL,104924,104632,104332
St. Vincent and the Grenadines,VCT,Surface area (sq. km),AG.SRF.TOTL.K2,390,390,
St. Vincent and the Grenadines,VCT,"Suicide mortality rate (per 100,000 population)",SH.STA.SUIC.P5,1,,
Sudan,SDN,Human capital index (HCI) (scale 0-1),HD.HCI.OVRL,,0.377445191,
Sudan,SDN,"Population, total",SP.POP.TOTL,43232093,44440486,45657202
Sudan,SDN,Surface area (sq. km),AG.SRF.TOTL.K2,1878000,1878000,
Sudan,SDN,"Suicide mortality rate (per 100,000 population)",SH.STA.SUIC.P5,3.8,,
Suriname,SUR,Human capital index (HCI) (scale 0-1),HD.HCI.OVRL,,,
Suriname,SUR,"Population, total",SP.POP.TOTL,600301,607065,612985
Suriname,SUR,Surface area (sq. km),AG.SRF.TOTL.K2,163820,163820,
Suriname,SUR,"Suicide mortality rate (per 100,000 population)",SH.STA.SUIC.P5,25.4,,
Sweden,SWE,Human capital index (HCI) (scale 0-1),HD.HCI.OVRL,,0.795357108,
Sweden,SWE,"Population, total",SP.POP.TOTL,10278887,10353442,10415811
Sweden,SWE,Surface area (sq. km),AG.SRF.TOTL.K2,528861.06,528860.704,
Sweden,SWE,"Suicide mortality rate (per 100,000 population)",SH.STA.SUIC.P5,14.7,,
Switzerland,CHE,Human capital index (HCI) (scale 0-1),HD.HCI.OVRL,,0.756115139,
Switzerland,CHE,"Population, total",SP.POP.TOTL,8575280,8638167,8703405
Switzerland,CHE,Surface area (sq. km),AG.SRF.TOTL.K2,41290.39,41290.39,
Switzerland,CHE,"Suicide mortality rate (per 100,000 population)",SH.STA.SUIC.P5,14.5,,
Syrian Arab Republic,SYR,Human capital index (HCI) (scale 0-1),HD.HCI.OVRL,,,
Syrian Arab Republic,SYR,"Population, total",SP.POP.TOTL,20098251,20772595,21324367
Syrian Arab Republic,SYR,Surface area (sq. km),AG.SRF.TOTL.K2,185180,185180,
Syrian Arab Republic,SYR,"Suicide mortality rate (per 100,000 population)",SH.STA.SUIC.P5,2,,
Tajikistan,TJK,Human capital index (HCI) (scale 0-1),HD.HCI.OVRL,,0.504116356,
Tajikistan,TJK,"Population, total",SP.POP.TOTL,9337003,9543207,9750064
Tajikistan,TJK,Surface area (sq. km),AG.SRF.TOTL.K2,141380,141380,
Tajikistan,TJK,"Suicide mortality rate (per 100,000 population)",SH.STA.SUIC.P5,4.3,,
Tanzania,TZA,Human capital index (HCI) (scale 0-1),HD.HCI.OVRL,,0.389834702,
Tanzania,TZA,"Population, total",SP.POP.TOTL,59872579,61704518,63588334
Tanzania,TZA,Surface area (sq. km),AG.SRF.TOTL.K2,947300,947300,
Tanzania,TZA,"Suicide mortality rate (per 100,000 population)",SH.STA.SUIC.P5,4.3,,
Thailand,THA,Human capital index (HCI) (scale 0-1),HD.HCI.OVRL,,0.609310985,
Thailand,THA,"Population, total",SP.POP.TOTL,71307763,71475664,71601103
Thailand,THA,Surface area (sq. km),AG.SRF.TOTL.K2,513120,513120,
Thailand,THA,"Suicide mortality rate (per 100,000 population)",SH.STA.SUIC.P5,8.8,,
Timor-Leste,TLS,Human capital index (HCI) (scale 0-1),HD.HCI.OVRL,,0.45431453,
Timor-Leste,TLS,"Population, total",SP.POP.TOTL,1280438,1299995,1320942
Timor-Leste,TLS,Surface area (sq. km),AG.SRF.TOTL.K2,14870,14870,
Timor-Leste,TLS,"Suicide mortality rate (per 100,000 population)",SH.STA.SUIC.P5,3.7,,
Togo,TGO,Human capital index (HCI) (scale 0-1),HD.HCI.OVRL,,0.431868047,
Togo,TGO,"Population, total",SP.POP.TOTL,8243094,8442580,8644829
Togo,TGO,Surface area (sq. km),AG.SRF.TOTL.K2,56790,56790,
Togo,TGO,"Suicide mortality rate (per 100,000 population)",SH.STA.SUIC.P5,8.8,,
Tonga,TON,Human capital index (HCI) (scale 0-1),HD.HCI.OVRL,,0.531120658,
Tonga,TON,"Population, total",SP.POP.TOTL,104951,105254,106017
Tonga,TON,Surface area (sq. km),AG.SRF.TOTL.K2,750,750,
Tonga,TON,"Suicide mortality rate (per 100,000 population)",SH.STA.SUIC.P5,3.8,,
Trinidad and Tobago,TTO,Human capital index (HCI) (scale 0-1),HD.HCI.OVRL,,0.60348773,
Trinidad and Tobago,TTO,"Population, total",SP.POP.TOTL,1519955,1518147,1525663
Trinidad and Tobago,TTO,Surface area (sq. km),AG.SRF.TOTL.K2,5130,5130,
Trinidad and Tobago,TTO,"Suicide mortality rate (per 100,000 population)",SH.STA.SUIC.P5,8.7,,
Tunisia,TUN,Human capital index (HCI) (scale 0-1),HD.HCI.OVRL,,0.51680994,
Tunisia,TUN,"Population, total",SP.POP.TOTL,12049314,12161723,12262946
Tunisia,TUN,Surface area (sq. km),AG.SRF.TOTL.K2,163610,163610,
Tunisia,TUN,"Suicide mortality rate (per 100,000 population)",SH.STA.SUIC.P5,3.3,,
Turkiye,TUR,Human capital index (HCI) (scale 0-1),HD.HCI.OVRL,,0.649261832,
Turkiye,TUR,"Population, total",SP.POP.TOTL,83481684,84135428,84775404
Turkiye,TUR,Surface area (sq. km),AG.SRF.TOTL.K2,785350,785350,
Turkiye,TUR,"Suicide mortality rate (per 100,000 population)",SH.STA.SUIC.P5,2.4,,
Turkmenistan,TKM,Human capital index (HCI) (scale 0-1),HD.HCI.OVRL,,,
Turkmenistan,TKM,"Population, total",SP.POP.TOTL,6158420,6250438,6341855
Turkmenistan,TKM,Surface area (sq. km),AG.SRF.TOTL.K2,488100,488100,
Turkmenistan,TKM,"Suicide mortality rate (per 100,000 population)",SH.STA.SUIC.P5,5.7,,
Turks and Caicos Islands,TCA,Human capital index (HCI) (scale 0-1),HD.HCI.OVRL,,,
Turks and Caicos Islands,TCA,"Population, total",SP.POP.TOTL,43080,44276,45114
Turks and Caicos Islands,TCA,Surface area (sq. km),AG.SRF.TOTL.K2,950,950,
Turks and Caicos Islands,TCA,"Suicide mortality rate (per 100,000 population)",SH.STA.SUIC.P5,,,
Tuvalu,TUV,Human capital index (HCI) (scale 0-1),HD.HCI.OVRL,,0.447577119,
Tuvalu,TUV,"Population, total",SP.POP.TOTL,10956,11069,11204
Tuvalu,TUV,Surface area (sq. km),AG.SRF.TOTL.K2,30,30,
Tuvalu,TUV,"Suicide mortality rate (per 100,000 population)",SH.STA.SUIC.P5,,,
Uganda,UGA,Human capital index (HCI) (scale 0-1),HD.HCI.OVRL,,0.384176582,
Uganda,UGA,"Population, total",SP.POP.TOTL,42949080,44404611,45853778
Uganda,UGA,Surface area (sq. km),AG.SRF.TOTL.K2,241550,241550,
Uganda,UGA,"Suicide mortality rate (per 100,000 population)",SH.STA.SUIC.P5,4.6,,
Ukraine,UKR,Human capital index (HCI) (scale 0-1),HD.HCI.OVRL,,0.631387115,
Ukraine,UKR,"Population, total",SP.POP.TOTL,44386203,44132049,43792855
Ukraine,UKR,Surface area (sq. km),AG.SRF.TOTL.K2,603550,603550,
Ukraine,UKR,"Suicide mortality rate (per 100,000 population)",SH.STA.SUIC.P5,21.6,,
United Arab Emirates,ARE,Human capital index (HCI) (scale 0-1),HD.HCI.OVRL,,0.673011899,
United Arab Emirates,ARE,"Population, total",SP.POP.TOTL,9211657,9287289,9365145
United Arab Emirates,ARE,Surface area (sq. km),AG.SRF.TOTL.K2,98647.9,98647.9,
United Arab Emirates,ARE,"Suicide mortality rate (per 100,000 population)",SH.STA.SUIC.P5,6.4,,
United Kingdom,GBR,Human capital index (HCI) (scale 0-1),HD.HCI.OVRL,,0.782942951,
United Kingdom,GBR,"Population, total",SP.POP.TOTL,66836327,67081000,67326569
United Kingdom,GBR,Surface area (sq. km),AG.SRF.TOTL.K2,243610,243610,
United Kingdom,GBR,"Suicide mortality rate (per 100,000 population)",SH.STA.SUIC.P5,7.9,,
United States,USA,Human capital index (HCI) (scale 0-1),HD.HCI.OVRL,,0.701764345,
United States,USA,"Population, total",SP.POP.TOTL,328329953,331501080,331893745
United States,USA,Surface area (sq. km),AG.SRF.TOTL.K2,9831510,9831510,
United States,USA,"Suicide mortality rate (per 100,000 population)",SH.STA.SUIC.P5,16.1,,
Uruguay,URY,Human capital index (HCI) (scale 0-1),HD.HCI.OVRL,,0.598760247,
Uruguay,URY,"Population, total",SP.POP.TOTL,3428409,3429086,3426260
Uruguay,URY,Surface area (sq. km),AG.SRF.TOTL.K2,176220,176220,
Uruguay,URY,"Suicide mortality rate (per 100,000 population)",SH.STA.SUIC.P5,21.2,,
Uzbekistan,UZB,Human capital index (HCI) (scale 0-1),HD.HCI.OVRL,,0.622805715,
Uzbekistan,UZB,"Population, total",SP.POP.TOTL,33580350,34232050,34915100
Uzbekistan,UZB,Surface area (sq. km),AG.SRF.TOTL.K2,448924,448924,
Uzbekistan,UZB,"Suicide mortality rate (per 100,000 population)",SH.STA.SUIC.P5,8,,
Vanuatu,VUT,Human capital index (HCI) (scale 0-1),HD.HCI.OVRL,,0.454658538,
Vanuatu,VUT,"Population, total",SP.POP.TOTL,304404,311685,319137
Vanuatu,VUT,Surface area (sq. km),AG.SRF.TOTL.K2,12190,12190,
Vanuatu,VUT,"Suicide mortality rate (per 100,000 population)",SH.STA.SUIC.P5,18,,
"Venezuela, RB",VEN,Human capital index (HCI) (scale 0-1),HD.HCI.OVRL,,,
"Venezuela, RB",VEN,"Population, total",SP.POP.TOTL,28971683,28490453,28199867
"Venezuela, RB",VEN,Surface area (sq. km),AG.SRF.TOTL.K2,912050,912050,
"Venezuela, RB",VEN,"Suicide mortality rate (per 100,000 population)",SH.STA.SUIC.P5,2.1,,
Vietnam,VNM,Human capital index (HCI) (scale 0-1),HD.HCI.OVRL,,0.689964533,
Vietnam,VNM,"Population, total",SP.POP.TOTL,95776716,96648685,97468029
Vietnam,VNM,Surface area (sq. km),AG.SRF.TOTL.K2,331310,331340,
Vietnam,VNM,"Suicide mortality rate (per 100,000 population)",SH.STA.SUIC.P5,7.5,,
Virgin Islands (U.S.),VIR,Human capital index (HCI) (scale 0-1),HD.HCI.OVRL,,,
Virgin Islands (U.S.),VIR,"Population, total",SP.POP.TOTL,106669,106290,105870
Virgin Islands (U.S.),VIR,Surface area (sq. km),AG.SRF.TOTL.K2,350,350,
Virgin Islands (U.S.),VIR,"Suicide mortality rate (per 100,000 population)",SH.STA.SUIC.P5,,,
West Bank and Gaza,PSE,Human capital index (HCI) (scale 0-1),HD.HCI.OVRL,,0.579996645,
West Bank and Gaza,PSE,"Population, total",SP.POP.TOTL,4685306,4803269,4922749
West Bank and Gaza,PSE,Surface area (sq. km),AG.SRF.TOTL.K2,6020,6020,
West Bank and Gaza,PSE,"Suicide mortality rate (per 100,000 population)",SH.STA.SUIC.P5,,,
"Yemen, Rep.",YEM,Human capital index (HCI) (scale 0-1),HD.HCI.OVRL,,0.372784406,
"Yemen, Rep.",YEM,"Population, total",SP.POP.TOTL,31546691,32284046,32981641
"Yemen, Rep.",YEM,Surface area (sq. km),AG.SRF.TOTL.K2,527970,527970,
"Yemen, Rep.",YEM,"Suicide mortality rate (per 100,000 population)",SH.STA.SUIC.P5,5.8,,
Zambia,ZMB,Human capital index (HCI) (scale 0-1),HD.HCI.OVRL,,0.396927536,
Zambia,ZMB,"Population, total",SP.POP.TOTL,18380477,18927715,19473125
Zambia,ZMB,Surface area (sq. km),AG.SRF.TOTL.K2,752610,752610,
Zambia,ZMB,"Suicide mortality rate (per 100,000 population)",SH.STA.SUIC.P5,7.3,,
Zimbabwe,ZWE,Human capital index (HCI) (scale 0-1),HD.HCI.OVRL,,0.466893107,
Zimbabwe,ZWE,"Population, total",SP.POP.TOTL,15354608,15669666,15993524
Zimbabwe,ZWE,Surface area (sq. km),AG.SRF.TOTL.K2,390760,390760,
Zimbabwe,ZWE,"Suicide mortality rate (per 100,000 population)",SH.STA.SUIC.P5,14.1,,
